{"time_last_update":1780641679,"weights":{"frec":0.7,"rece":0.3},"init_weights":{"frec":0.7,"rece":0.3},"norms":{"rece":{"beta":0.001,"mean":1.6653784297972878,"var":2.9262106560204306},"frec":{"beta":0.001,"mean":20813.472376130856,"var":229.50779488097422}},"score_map":{"ZzNRnKATix9q":{"frec":3.5332896807777123,"rece":3.6498785988625335,"final":3.5682663562031585},"TSUJOIR47oWF":{"frec":2.741185098048911,"rece":3.055263039753371,"final":2.8354084805602486},"c9oRic3-i4z-":{"frec":1.5530282239557087,"rece":0.1761833175257517,"final":1.1399747520267216},"l6SK9Oi8IJv_":{"frec":0.7609236412269073,"rece":0.7796840371822896,"final":0.7665517600135219},"KF9CGhY_-Mfj":{"frec":-0.36122451763889485,"rece":0.19374595105177805,"final":-0.19473337703169297},"xdFVNQgFcpog":{"frec":-0.36122451763889485,"rece":-0.3901484750188724,"final":-0.3699017048528881},"Jb55HVdIQ5P8":{"frec":-0.427233232866295,"rece":-0.39823788346420275,"final":-0.41853462804566727},"ZI1kOgkszF9w":{"frec":-0.427233232866295,"rece":0.16865714147080796,"final":-0.24846612056516407},"k87vvr2MyzK5":{"frec":-0.427233232866295,"rece":-0.40268105548103683,"final":-0.4198675796507175}}}